{"code":"option = {\n    \"xAxis\": {\n        \"type\": \"category\",\n        \"axisLabel\": {\n            \"padding\": [\n                0,\n                10,\n                0,\n                0\n            ],\n            \"interval\": 0,\n            \"rotate\": 45\n        }\n    },\n    \"yAxis\": {\n        \"type\": \"value\",\n        \"splitLine\": {\n            \"show\": false\n        }\n    },\n    \"grid\": {\n        \"left\": 80,\n        \"right\": 40,\n        \"top\": 120,\n        \"bottom\": 100\n    },\n    \"tooltip\": {\n        \"trigger\": \"axis\",\n        \"axisPointer\": {\n            \"type\": \"shadow\"\n        }\n    },\n    \"legend\": {\n        \"right\": 40,\n        \"top\": 40\n    },\n    \"dataset\": {\n        \"source\": [\n            [\n                \"工业园\",\n                \"年度EBITDA目标\",\n                \"累计EBITDA\"\n            ],\n            [\n                \"组织1\",\n                26.947840915347587,\n                23.434275047578243\n            ],\n            [\n                \"组织2\",\n                86.81567149391756,\n                5.657076223365802\n            ],\n            [\n                \"组织3\",\n                19.66516804789249,\n                21.65491007516144\n            ],\n            [\n                \"组织4\",\n                78.24499918224117,\n                17.532816749568585\n            ],\n            [\n                \"组织5\",\n                9.068230301905844,\n                18.72748416004701\n            ],\n            [\n                \"组织6\",\n                97.12694214494779,\n                4.426496960413959\n            ],\n            [\n                \"组织7\",\n                51.36793101571185,\n                14.31612203508518\n            ],\n            [\n                \"组织8\",\n                2.6917695675537257,\n                2.7258768801158917\n            ],\n            [\n                \"组织9\",\n                15.581908368970376,\n                16.137144766976142\n            ],\n            [\n                \"组织10\",\n                31.898641586056375,\n                5.917170937924663\n            ],\n            [\n                \"组织11\",\n                31.223132285415687,\n                1.8969062401314285\n            ],\n            [\n                \"组织12\",\n                70.46729231458406,\n                5.534117977852744\n            ]\n        ]\n    },\n    \"title\": {\n        \"text\": \"累计EBITDA目标完成率 Top10\",\n        \"subtext\": \"（单位：万元)\",\n        \"textStyle\": {\n            \"color\": \"black\",\n            \"fontSize\": 20\n        },\n        \"subtextStyle\": {\n            \"color\": \"#a0a0a0\",\n            \"fontSize\": 15\n        },\n        \"left\": \"3%\",\n        \"top\": \"3%\"\n    },\n    \"color\": [\n        \"#ccc\",\n        \"#4474c4\"\n    ],\n    \"series\": [\n        {\n            \"type\": \"bar\",\n            \"miniBarWidth\": 20,\n            \"z\": \"-1\",\n            \"barGap\": \"-100%\"\n        },\n        {\n            \"type\": \"bar\",\n            \"miniBarWidth\": 20\n        }\n    ]\n}"}